STRUCTURE,STRUCTURE_ID,STRUCTURE_NAME,ACTION,CEN23_YEAR_001,Census year,CEN23_GEO_002,Area,CEN23_POM_009,Usual residence five years ago summary (RC),CEN23_ETH_002,Ethnicity,CEN23_AGE_004,Age,CEN23_GEN_002,Gender,OBS_VALUE,Observation Value,OBS_STATUS,Observation Status
DATAFLOW,STATSNZ:CEN23_LOC_005(1.0),"Usual residence five years ago summary (RC), ethnicity, age, and gender for the census usually resident population count, by usual residence address (RC, TALB, SA2, Health), 2023 Census",I,2023,2023,9999,Total - New Zealand by regional council,4,Overseas,999,Total - ethnicity,3,30-64 years,99,Total - gender,122751,,,
DATAFLOW,STATSNZ:CEN23_LOC_005(1.0),"Usual residence five years ago summary (RC), ethnicity, age, and gender for the census usually resident population count, by usual residence address (RC, TALB, SA2, Health), 2023 Census",I,2023,2023,9999,Total - New Zealand by regional council,9,Not elsewhere included,999,Total - ethnicity,1,Under 15 years,99,Total - gender,19680,,,
DATAFLOW,STATSNZ:CEN23_LOC_005(1.0),"Usual residence five years ago summary (RC), ethnicity, age, and gender for the census usually resident population count, by usual residence address (RC, TALB, SA2, Health), 2023 Census",I,2023,2023,9999,Total - New Zealand by regional council,3,Not born five years ago,999,Total - ethnicity,2,15-29 years,99,Total - gender,0,,,
DATAFLOW,STATSNZ:CEN23_LOC_005(1.0),"Usual residence five years ago summary (RC), ethnicity, age, and gender for the census usually resident population count, by usual residence address (RC, TALB, SA2, Health), 2023 Census",I,2023,2023,9999,Total - New Zealand by regional council,26,Different Regional Council Area same island,999,Total - ethnicity,1,Under 15 years,99,Total - gender,44835,,,
DATAFLOW,STATSNZ:CEN23_LOC_005(1.0),"Usual residence five years ago summary (RC), ethnicity, age, and gender for the census usually resident population count, by usual residence address (RC, TALB, SA2, Health), 2023 Census",I,2023,2023,9999,Total - New Zealand by regional council,9,Not elsewhere included,999,Total - ethnicity,Median,Median - age,99,Total - gender,30.3,,,
DATAFLOW,STATSNZ:CEN23_LOC_005(1.0),"Usual residence five years ago summary (RC), ethnicity, age, and gender for the census usually resident population count, by usual residence address (RC, TALB, SA2, Health), 2023 Census",I,2023,2023,9999,Total - New Zealand by regional council,28,Area outside Regional Council Area,999,Total - ethnicity,2,15-29 years,99,Total - gender,117,,,
DATAFLOW,STATSNZ:CEN23_LOC_005(1.0),"Usual residence five years ago summary (RC), ethnicity, age, and gender for the census usually resident population count, by usual residence address (RC, TALB, SA2, Health), 2023 Census",I,2023,2023,9999,Total - New Zealand by regional council,4,Overseas,999,Total - ethnicity,99,Total - age,99,Total - gender,213942,,,
DATAFLOW,STATSNZ:CEN23_LOC_005(1.0),"Usual residence five years ago summary (RC), ethnicity, age, and gender for the census usually resident population count, by usual residence address (RC, TALB, SA2, Health), 2023 Census",I,2023,2023,9999,Total - New Zealand by regional council,26,Different Regional Council Area same island,999,Total - ethnicity,2,15-29 years,99,Total - gender,113406,,,
DATAFLOW,STATSNZ:CEN23_LOC_005(1.0),"Usual residence five years ago summary (RC), ethnicity, age, and gender for the census usually resident population count, by usual residence address (RC, TALB, SA2, Health), 2023 Census",I,2023,2023,9999,Total - New Zealand by regional council,777,Total stated - usual residence five years ago summary (RC),999,Total - ethnicity,1,Under 15 years,99,Total - gender,916620,,,
DATAFLOW,STATSNZ:CEN23_LOC_005(1.0),"Usual residence five years ago summary (RC), ethnicity, age, and gender for the census usually resident population count, by usual residence address (RC, TALB, SA2, Health), 2023 Census",I,2023,2023,9999,Total - New Zealand by regional council,9,Not elsewhere included,999,Total - ethnicity,4,65 years and over,99,Total - gender,12363,,,
DATAFLOW,STATSNZ:CEN23_LOC_005(1.0),"Usual residence five years ago summary (RC), ethnicity, age, and gender for the census usually resident population count, by usual residence address (RC, TALB, SA2, Health), 2023 Census",I,2023,2023,9999,Total - New Zealand by regional council,9,Not elsewhere included,999,Total - ethnicity,3,30-64 years,99,Total - gender,36069,,,
DATAFLOW,STATSNZ:CEN23_LOC_005(1.0),"Usual residence five years ago summary (RC), ethnicity, age, and gender for the census usually resident population count, by usual residence address (RC, TALB, SA2, Health), 2023 Census",I,2023,2023,9999,Total - New Zealand by regional council,4,Overseas,999,Total - ethnicity,Median,Median - age,99,Total - gender,35,,,
DATAFLOW,STATSNZ:CEN23_LOC_005(1.0),"Usual residence five years ago summary (RC), ethnicity, age, and gender for the census usually resident population count, by usual residence address (RC, TALB, SA2, Health), 2023 Census",I,2023,2023,9999,Total - New Zealand by regional council,777,Total stated - usual residence five years ago summary (RC),999,Total - ethnicity,4,65 years and over,99,Total - gender,816225,,,
DATAFLOW,STATSNZ:CEN23_LOC_005(1.0),"Usual residence five years ago summary (RC), ethnicity, age, and gender for the census usually resident population count, by usual residence address (RC, TALB, SA2, Health), 2023 Census",I,2023,2023,9999,Total - New Zealand by regional council,28,Area outside Regional Council Area,999,Total - ethnicity,Median,Median - age,99,Total - gender,37.1,,,
DATAFLOW,STATSNZ:CEN23_LOC_005(1.0),"Usual residence five years ago summary (RC), ethnicity, age, and gender for the census usually resident population count, by usual residence address (RC, TALB, SA2, Health), 2023 Census",I,2023,2023,9999,Total - New Zealand by regional council,777,Total stated - usual residence five years ago summary (RC),999,Total - ethnicity,3,30-64 years,99,Total - gender,2224656,,,
DATAFLOW,STATSNZ:CEN23_LOC_005(1.0),"Usual residence five years ago summary (RC), ethnicity, age, and gender for the census usually resident population count, by usual residence address (RC, TALB, SA2, Health), 2023 Census",I,2023,2023,9999,Total - New Zealand by regional council,27,Different Regional Council Area different island,999,Total - ethnicity,4,65 years and over,99,Total - gender,11211,,,
DATAFLOW,STATSNZ:CEN23_LOC_005(1.0),"Usual residence five years ago summary (RC), ethnicity, age, and gender for the census usually resident population count, by usual residence address (RC, TALB, SA2, Health), 2023 Census",I,2023,2023,9999,Total - New Zealand by regional council,777,Total stated - usual residence five years ago summary (RC),999,Total - ethnicity,2,15-29 years,99,Total - gender,940692,,,
DATAFLOW,STATSNZ:CEN23_LOC_005(1.0),"Usual residence five years ago summary (RC), ethnicity, age, and gender for the census usually resident population count, by usual residence address (RC, TALB, SA2, Health), 2023 Census",I,2023,2023,9999,Total - New Zealand by regional council,5,No fixed abode five years ago,999,Total - ethnicity,3,30-64 years,99,Total - gender,840,,,
DATAFLOW,STATSNZ:CEN23_LOC_005(1.0),"Usual residence five years ago summary (RC), ethnicity, age, and gender for the census usually resident population count, by usual residence address (RC, TALB, SA2, Health), 2023 Census",I,2023,2023,9999,Total - New Zealand by regional council,27,Different Regional Council Area different island,999,Total - ethnicity,Median,Median - age,99,Total - gender,30.6,,,
DATAFLOW,STATSNZ:CEN23_LOC_005(1.0),"Usual residence five years ago summary (RC), ethnicity, age, and gender for the census usually resident population count, by usual residence address (RC, TALB, SA2, Health), 2023 Census",I,2023,2023,9999,Total - New Zealand by regional council,999,Total - usual residence five years ago summary (RC),999,Total - ethnicity,3,30-64 years,99,Total - gender,2260728,,,
DATAFLOW,STATSNZ:CEN23_LOC_005(1.0),"Usual residence five years ago summary (RC), ethnicity, age, and gender for the census usually resident population count, by usual residence address (RC, TALB, SA2, Health), 2023 Census",I,2023,2023,9999,Total - New Zealand by regional council,28,Area outside Regional Council Area,999,Total - ethnicity,99,Total - age,99,Total - gender,483,,,
DATAFLOW,STATSNZ:CEN23_LOC_005(1.0),"Usual residence five years ago summary (RC), ethnicity, age, and gender for the census usually resident population count, by usual residence address (RC, TALB, SA2, Health), 2023 Census",I,2023,2023,9999,Total - New Zealand by regional council,28,Area outside Regional Council Area,999,Total - ethnicity,4,65 years and over,99,Total - gender,45,,,
DATAFLOW,STATSNZ:CEN23_LOC_005(1.0),"Usual residence five years ago summary (RC), ethnicity, age, and gender for the census usually resident population count, by usual residence address (RC, TALB, SA2, Health), 2023 Census",I,2023,2023,9999,Total - New Zealand by regional council,999,Total - usual residence five years ago summary (RC),999,Total - ethnicity,1,Under 15 years,99,Total - gender,936300,,,
DATAFLOW,STATSNZ:CEN23_LOC_005(1.0),"Usual residence five years ago summary (RC), ethnicity, age, and gender for the census usually resident population count, by usual residence address (RC, TALB, SA2, Health), 2023 Census",I,2023,2023,9999,Total - New Zealand by regional council,25,Same Regional Council Area,999,Total - ethnicity,4,65 years and over,99,Total - gender,187176,,,
DATAFLOW,STATSNZ:CEN23_LOC_005(1.0),"Usual residence five years ago summary (RC), ethnicity, age, and gender for the census usually resident population count, by usual residence address (RC, TALB, SA2, Health), 2023 Census",I,2023,2023,9999,Total - New Zealand by regional council,3,Not born five years ago,999,Total - ethnicity,3,30-64 years,99,Total - gender,0,,,
DATAFLOW,STATSNZ:CEN23_LOC_005(1.0),"Usual residence five years ago summary (RC), ethnicity, age, and gender for the census usually resident population count, by usual residence address (RC, TALB, SA2, Health), 2023 Census",I,2023,2023,9999,Total - New Zealand by regional council,5,No fixed abode five years ago,999,Total - ethnicity,2,15-29 years,99,Total - gender,162,,,
DATAFLOW,STATSNZ:CEN23_LOC_005(1.0),"Usual residence five years ago summary (RC), ethnicity, age, and gender for the census usually resident population count, by usual residence address (RC, TALB, SA2, Health), 2023 Census",I,2023,2023,9999,Total - New Zealand by regional council,9,Not elsewhere included,999,Total - ethnicity,2,15-29 years,99,Total - gender,27615,,,
DATAFLOW,STATSNZ:CEN23_LOC_005(1.0),"Usual residence five years ago summary (RC), ethnicity, age, and gender for the census usually resident population count, by usual residence address (RC, TALB, SA2, Health), 2023 Census",I,2023,2023,9999,Total - New Zealand by regional council,2,Elsewhere in New Zealand,999,Total - ethnicity,99,Total - age,99,Total - gender,2212092,,,
DATAFLOW,STATSNZ:CEN23_LOC_005(1.0),"Usual residence five years ago summary (RC), ethnicity, age, and gender for the census usually resident population count, by usual residence address (RC, TALB, SA2, Health), 2023 Census",I,2023,2023,9999,Total - New Zealand by regional council,5,No fixed abode five years ago,999,Total - ethnicity,4,65 years and over,99,Total - gender,666,,,
DATAFLOW,STATSNZ:CEN23_LOC_005(1.0),"Usual residence five years ago summary (RC), ethnicity, age, and gender for the census usually resident population count, by usual residence address (RC, TALB, SA2, Health), 2023 Census",I,2023,2023,9999,Total - New Zealand by regional council,2,Elsewhere in New Zealand,999,Total - ethnicity,Median,Median - age,99,Total - gender,33.9,,,
DATAFLOW,STATSNZ:CEN23_LOC_005(1.0),"Usual residence five years ago summary (RC), ethnicity, age, and gender for the census usually resident population count, by usual residence address (RC, TALB, SA2, Health), 2023 Census",I,2023,2023,9999,Total - New Zealand by regional council,1,Same as usual residence,999,Total - ethnicity,99,Total - age,99,Total - gender,2182026,,,
DATAFLOW,STATSNZ:CEN23_LOC_005(1.0),"Usual residence five years ago summary (RC), ethnicity, age, and gender for the census usually resident population count, by usual residence address (RC, TALB, SA2, Health), 2023 Census",I,2023,2023,9999,Total - New Zealand by regional council,5,No fixed abode five years ago,999,Total - ethnicity,1,Under 15 years,99,Total - gender,78,,,
DATAFLOW,STATSNZ:CEN23_LOC_005(1.0),"Usual residence five years ago summary (RC), ethnicity, age, and gender for the census usually resident population count, by usual residence address (RC, TALB, SA2, Health), 2023 Census",I,2023,2023,9999,Total - New Zealand by regional council,27,Different Regional Council Area different island,999,Total - ethnicity,99,Total - age,99,Total - gender,141804,,,
DATAFLOW,STATSNZ:CEN23_LOC_005(1.0),"Usual residence five years ago summary (RC), ethnicity, age, and gender for the census usually resident population count, by usual residence address (RC, TALB, SA2, Health), 2023 Census",I,2023,2023,9999,Total - New Zealand by regional council,4,Overseas,999,Total - ethnicity,1,Under 15 years,99,Total - gender,27156,,,
DATAFLOW,STATSNZ:CEN23_LOC_005(1.0),"Usual residence five years ago summary (RC), ethnicity, age, and gender for the census usually resident population count, by usual residence address (RC, TALB, SA2, Health), 2023 Census",I,2023,2023,9999,Total - New Zealand by regional council,25,Same Regional Council Area,999,Total - ethnicity,Median,Median - age,99,Total - gender,34.4,,,
DATAFLOW,STATSNZ:CEN23_LOC_005(1.0),"Usual residence five years ago summary (RC), ethnicity, age, and gender for the census usually resident population count, by usual residence address (RC, TALB, SA2, Health), 2023 Census",I,2023,2023,9999,Total - New Zealand by regional council,4,Overseas,999,Total - ethnicity,4,65 years and over,99,Total - gender,15981,,,
DATAFLOW,STATSNZ:CEN23_LOC_005(1.0),"Usual residence five years ago summary (RC), ethnicity, age, and gender for the census usually resident population count, by usual residence address (RC, TALB, SA2, Health), 2023 Census",I,2023,2023,9999,Total - New Zealand by regional council,5,No fixed abode five years ago,999,Total - ethnicity,99,Total - age,99,Total - gender,1749,,,
DATAFLOW,STATSNZ:CEN23_LOC_005(1.0),"Usual residence five years ago summary (RC), ethnicity, age, and gender for the census usually resident population count, by usual residence address (RC, TALB, SA2, Health), 2023 Census",I,2023,2023,9999,Total - New Zealand by regional council,26,Different Regional Council Area same island,999,Total - ethnicity,Median,Median - age,99,Total - gender,33,,,
DATAFLOW,STATSNZ:CEN23_LOC_005(1.0),"Usual residence five years ago summary (RC), ethnicity, age, and gender for the census usually resident population count, by usual residence address (RC, TALB, SA2, Health), 2023 Census",I,2023,2023,9999,Total - New Zealand by regional council,28,Area outside Regional Council Area,999,Total - ethnicity,3,30-64 years,99,Total - gender,258,,,
DATAFLOW,STATSNZ:CEN23_LOC_005(1.0),"Usual residence five years ago summary (RC), ethnicity, age, and gender for the census usually resident population count, by usual residence address (RC, TALB, SA2, Health), 2023 Census",I,2023,2023,9999,Total - New Zealand by regional council,26,Different Regional Council Area same island,999,Total - ethnicity,3,30-64 years,99,Total - gender,165618,,,
DATAFLOW,STATSNZ:CEN23_LOC_005(1.0),"Usual residence five years ago summary (RC), ethnicity, age, and gender for the census usually resident population count, by usual residence address (RC, TALB, SA2, Health), 2023 Census",I,2023,2023,9999,Total - New Zealand by regional council,999,Total - usual residence five years ago summary (RC),999,Total - ethnicity,99,Total - age,99,Total - gender,4993923,,,
DATAFLOW,STATSNZ:CEN23_LOC_005(1.0),"Usual residence five years ago summary (RC), ethnicity, age, and gender for the census usually resident population count, by usual residence address (RC, TALB, SA2, Health), 2023 Census",I,2023,2023,9999,Total - New Zealand by regional council,28,Area outside Regional Council Area,999,Total - ethnicity,1,Under 15 years,99,Total - gender,60,,,
DATAFLOW,STATSNZ:CEN23_LOC_005(1.0),"Usual residence five years ago summary (RC), ethnicity, age, and gender for the census usually resident population count, by usual residence address (RC, TALB, SA2, Health), 2023 Census",I,2023,2023,9999,Total - New Zealand by regional council,3,Not born five years ago,999,Total - ethnicity,1,Under 15 years,99,Total - gender,288387,,,
DATAFLOW,STATSNZ:CEN23_LOC_005(1.0),"Usual residence five years ago summary (RC), ethnicity, age, and gender for the census usually resident population count, by usual residence address (RC, TALB, SA2, Health), 2023 Census",I,2023,2023,9999,Total - New Zealand by regional council,25,Same Regional Council Area,999,Total - ethnicity,2,15-29 years,99,Total - gender,417819,,,
DATAFLOW,STATSNZ:CEN23_LOC_005(1.0),"Usual residence five years ago summary (RC), ethnicity, age, and gender for the census usually resident population count, by usual residence address (RC, TALB, SA2, Health), 2023 Census",I,2023,2023,9999,Total - New Zealand by regional council,25,Same Regional Council Area,999,Total - ethnicity,99,Total - age,99,Total - gender,1702299,,,
DATAFLOW,STATSNZ:CEN23_LOC_005(1.0),"Usual residence five years ago summary (RC), ethnicity, age, and gender for the census usually resident population count, by usual residence address (RC, TALB, SA2, Health), 2023 Census",I,2023,2023,9999,Total - New Zealand by regional council,26,Different Regional Council Area same island,999,Total - ethnicity,99,Total - age,99,Total - gender,367503,,,
DATAFLOW,STATSNZ:CEN23_LOC_005(1.0),"Usual residence five years ago summary (RC), ethnicity, age, and gender for the census usually resident population count, by usual residence address (RC, TALB, SA2, Health), 2023 Census",I,2023,2023,9999,Total - New Zealand by regional council,1,Same as usual residence,999,Total - ethnicity,1,Under 15 years,99,Total - gender,278631,,,
DATAFLOW,STATSNZ:CEN23_LOC_005(1.0),"Usual residence five years ago summary (RC), ethnicity, age, and gender for the census usually resident population count, by usual residence address (RC, TALB, SA2, Health), 2023 Census",I,2023,2023,9999,Total - New Zealand by regional council,999,Total - usual residence five years ago summary (RC),999,Total - ethnicity,4,65 years and over,99,Total - gender,828588,,,
DATAFLOW,STATSNZ:CEN23_LOC_005(1.0),"Usual residence five years ago summary (RC), ethnicity, age, and gender for the census usually resident population count, by usual residence address (RC, TALB, SA2, Health), 2023 Census",I,2023,2023,9999,Total - New Zealand by regional council,27,Different Regional Council Area different island,999,Total - ethnicity,3,30-64 years,99,Total - gender,61890,,,
DATAFLOW,STATSNZ:CEN23_LOC_005(1.0),"Usual residence five years ago summary (RC), ethnicity, age, and gender for the census usually resident population count, by usual residence address (RC, TALB, SA2, Health), 2023 Census",I,2023,2023,9999,Total - New Zealand by regional council,1,Same as usual residence,999,Total - ethnicity,3,30-64 years,99,Total - gender,1039578,,,
DATAFLOW,STATSNZ:CEN23_LOC_005(1.0),"Usual residence five years ago summary (RC), ethnicity, age, and gender for the census usually resident population count, by usual residence address (RC, TALB, SA2, Health), 2023 Census",I,2023,2023,9999,Total - New Zealand by regional council,2,Elsewhere in New Zealand,999,Total - ethnicity,3,30-64 years,99,Total - gender,1061490,,,
DATAFLOW,STATSNZ:CEN23_LOC_005(1.0),"Usual residence five years ago summary (RC), ethnicity, age, and gender for the census usually resident population count, by usual residence address (RC, TALB, SA2, Health), 2023 Census",I,2023,2023,9999,Total - New Zealand by regional council,3,Not born five years ago,999,Total - ethnicity,4,65 years and over,99,Total - gender,0,,,
DATAFLOW,STATSNZ:CEN23_LOC_005(1.0),"Usual residence five years ago summary (RC), ethnicity, age, and gender for the census usually resident population count, by usual residence address (RC, TALB, SA2, Health), 2023 Census",I,2023,2023,9999,Total - New Zealand by regional council,25,Same Regional Council Area,999,Total - ethnicity,1,Under 15 years,99,Total - gender,263577,,,
DATAFLOW,STATSNZ:CEN23_LOC_005(1.0),"Usual residence five years ago summary (RC), ethnicity, age, and gender for the census usually resident population count, by usual residence address (RC, TALB, SA2, Health), 2023 Census",I,2023,2023,9999,Total - New Zealand by regional council,3,Not born five years ago,999,Total - ethnicity,99,Total - age,99,Total - gender,288387,,,
DATAFLOW,STATSNZ:CEN23_LOC_005(1.0),"Usual residence five years ago summary (RC), ethnicity, age, and gender for the census usually resident population count, by usual residence address (RC, TALB, SA2, Health), 2023 Census",I,2023,2023,9999,Total - New Zealand by regional council,2,Elsewhere in New Zealand,999,Total - ethnicity,4,65 years and over,99,Total - gender,242082,,,
DATAFLOW,STATSNZ:CEN23_LOC_005(1.0),"Usual residence five years ago summary (RC), ethnicity, age, and gender for the census usually resident population count, by usual residence address (RC, TALB, SA2, Health), 2023 Census",I,2023,2023,9999,Total - New Zealand by regional council,9,Not elsewhere included,999,Total - ethnicity,99,Total - age,99,Total - gender,95727,,,
DATAFLOW,STATSNZ:CEN23_LOC_005(1.0),"Usual residence five years ago summary (RC), ethnicity, age, and gender for the census usually resident population count, by usual residence address (RC, TALB, SA2, Health), 2023 Census",I,2023,2023,9999,Total - New Zealand by regional council,777,Total stated - usual residence five years ago summary (RC),999,Total - ethnicity,Median,Median - age,99,Total - gender,38.3,,,
DATAFLOW,STATSNZ:CEN23_LOC_005(1.0),"Usual residence five years ago summary (RC), ethnicity, age, and gender for the census usually resident population count, by usual residence address (RC, TALB, SA2, Health), 2023 Census",I,2023,2023,9999,Total - New Zealand by regional council,999,Total - usual residence five years ago summary (RC),999,Total - ethnicity,Median,Median - age,99,Total - gender,38.1,,,
DATAFLOW,STATSNZ:CEN23_LOC_005(1.0),"Usual residence five years ago summary (RC), ethnicity, age, and gender for the census usually resident population count, by usual residence address (RC, TALB, SA2, Health), 2023 Census",I,2023,2023,9999,Total - New Zealand by regional council,26,Different Regional Council Area same island,999,Total - ethnicity,4,65 years and over,99,Total - gender,43647,,,
DATAFLOW,STATSNZ:CEN23_LOC_005(1.0),"Usual residence five years ago summary (RC), ethnicity, age, and gender for the census usually resident population count, by usual residence address (RC, TALB, SA2, Health), 2023 Census",I,2023,2023,9999,Total - New Zealand by regional council,777,Total stated - usual residence five years ago summary (RC),999,Total - ethnicity,99,Total - age,99,Total - gender,4898196,,,
DATAFLOW,STATSNZ:CEN23_LOC_005(1.0),"Usual residence five years ago summary (RC), ethnicity, age, and gender for the census usually resident population count, by usual residence address (RC, TALB, SA2, Health), 2023 Census",I,2023,2023,9999,Total - New Zealand by regional council,4,Overseas,999,Total - ethnicity,2,15-29 years,99,Total - gender,48057,,,
DATAFLOW,STATSNZ:CEN23_LOC_005(1.0),"Usual residence five years ago summary (RC), ethnicity, age, and gender for the census usually resident population count, by usual residence address (RC, TALB, SA2, Health), 2023 Census",I,2023,2023,9999,Total - New Zealand by regional council,1,Same as usual residence,999,Total - ethnicity,4,65 years and over,99,Total - gender,557496,,,
DATAFLOW,STATSNZ:CEN23_LOC_005(1.0),"Usual residence five years ago summary (RC), ethnicity, age, and gender for the census usually resident population count, by usual residence address (RC, TALB, SA2, Health), 2023 Census",I,2023,2023,9999,Total - New Zealand by regional council,25,Same Regional Council Area,999,Total - ethnicity,3,30-64 years,99,Total - gender,833724,,,
DATAFLOW,STATSNZ:CEN23_LOC_005(1.0),"Usual residence five years ago summary (RC), ethnicity, age, and gender for the census usually resident population count, by usual residence address (RC, TALB, SA2, Health), 2023 Census",I,2023,2023,9999,Total - New Zealand by regional council,27,Different Regional Council Area different island,999,Total - ethnicity,2,15-29 years,99,Total - gender,54807,,,
DATAFLOW,STATSNZ:CEN23_LOC_005(1.0),"Usual residence five years ago summary (RC), ethnicity, age, and gender for the census usually resident population count, by usual residence address (RC, TALB, SA2, Health), 2023 Census",I,2023,2023,9999,Total - New Zealand by regional council,1,Same as usual residence,999,Total - ethnicity,Median,Median - age,99,Total - gender,50.8,,,
DATAFLOW,STATSNZ:CEN23_LOC_005(1.0),"Usual residence five years ago summary (RC), ethnicity, age, and gender for the census usually resident population count, by usual residence address (RC, TALB, SA2, Health), 2023 Census",I,2023,2023,9999,Total - New Zealand by regional council,5,No fixed abode five years ago,999,Total - ethnicity,Median,Median - age,99,Total - gender,59,,,
DATAFLOW,STATSNZ:CEN23_LOC_005(1.0),"Usual residence five years ago summary (RC), ethnicity, age, and gender for the census usually resident population count, by usual residence address (RC, TALB, SA2, Health), 2023 Census",I,2023,2023,9999,Total - New Zealand by regional council,27,Different Regional Council Area different island,999,Total - ethnicity,1,Under 15 years,99,Total - gender,13896,,,
DATAFLOW,STATSNZ:CEN23_LOC_005(1.0),"Usual residence five years ago summary (RC), ethnicity, age, and gender for the census usually resident population count, by usual residence address (RC, TALB, SA2, Health), 2023 Census",I,2023,2023,9999,Total - New Zealand by regional council,2,Elsewhere in New Zealand,999,Total - ethnicity,1,Under 15 years,99,Total - gender,322371,,,
DATAFLOW,STATSNZ:CEN23_LOC_005(1.0),"Usual residence five years ago summary (RC), ethnicity, age, and gender for the census usually resident population count, by usual residence address (RC, TALB, SA2, Health), 2023 Census",I,2023,2023,9999,Total - New Zealand by regional council,999,Total - usual residence five years ago summary (RC),999,Total - ethnicity,2,15-29 years,99,Total - gender,968304,,,
DATAFLOW,STATSNZ:CEN23_LOC_005(1.0),"Usual residence five years ago summary (RC), ethnicity, age, and gender for the census usually resident population count, by usual residence address (RC, TALB, SA2, Health), 2023 Census",I,2023,2023,9999,Total - New Zealand by regional council,1,Same as usual residence,999,Total - ethnicity,2,15-29 years,99,Total - gender,306324,,,
DATAFLOW,STATSNZ:CEN23_LOC_005(1.0),"Usual residence five years ago summary (RC), ethnicity, age, and gender for the census usually resident population count, by usual residence address (RC, TALB, SA2, Health), 2023 Census",I,2023,2023,9999,Total - New Zealand by regional council,3,Not born five years ago,999,Total - ethnicity,Median,Median - age,99,Total - gender,2.5,,,
DATAFLOW,STATSNZ:CEN23_LOC_005(1.0),"Usual residence five years ago summary (RC), ethnicity, age, and gender for the census usually resident population count, by usual residence address (RC, TALB, SA2, Health), 2023 Census",I,2023,2023,9999,Total - New Zealand by regional council,2,Elsewhere in New Zealand,999,Total - ethnicity,2,15-29 years,99,Total - gender,586149,,,
